{
  "bindings": [
    {
      "authLevel": "function",
      "name": "req",
      "direction": "in",
      "type": "httpTrigger",
      "methods": [
        "post"
      ],
      "route": "telemetryapp"
    },
    {
      "name": "$return",
      "type": "http",
      "direction": "out"
    },
    {
      "name": "telemetry",
      "type": "kusto",
      "database": "telemetrydb",
      "direction": "out",
      "tableName": "TelemetryData",
      "connection": "KustoConnectionString"
    }
  ],
  "disabled": false
}